country_iso3,country_name,indicator_id,indicator_label,pathway,theme,risk_measure,variable,unit,higher_is_worse,year,value,source_name,source_dataset,source_url,retrieved_at
DZA,Algeria,conflict_ucdp_battle_deaths_total,Battle-related deaths (count),Context,Conflict,Context,Battle-related deaths in the country in the year (best estimate),deaths,True,2000,947,Uppsala Conflict Data Program (UCDP),UCDP Battle-Related Deaths Dataset v24.1,https://ucdp.uu.se/downloads/,2026-09-10T00:22:39+00:00
DZA,Algeria,conflict_ucdp_battle_deaths_total,Battle-related deaths (count),Context,Conflict,Context,Battle-related deaths in the country in the year (best estimate),deaths,True,2001,642,Uppsala Conflict Data Program (UCDP),UCDP Battle-Related Deaths Dataset v24.1,https://ucdp.uu.se/downloads/,2026-09-10T00:22:39+00:00
DZA,Algeria,conflict_ucdp_battle_deaths_total,Battle-related deaths (count),Context,Conflict,Context,Battle-related deaths in the country in the year (best estimate),deaths,True,2002,539,Uppsala Conflict Data Program (UCDP),UCDP Battle-Related Deaths Dataset v24.1,https://ucdp.uu.se/downloads/,2026-09-10T00:22:39+00:00
DZA,Algeria,conflict_ucdp_battle_deaths_total,Battle-related deaths (count),Context,Conflict,Context,Battle-related deaths in the country in the year (best estimate),deaths,True,2003,670,Uppsala Conflict Data Program (UCDP),UCDP Battle-Related Deaths Dataset v24.1,https://ucdp.uu.se/downloads/,2026-09-10T00:22:39+00:00
DZA,Algeria,conflict_ucdp_battle_deaths_total,Battle-related deaths (count),Context,Conflict,Context,Battle-related deaths in the country in the year (best estimate),deaths,True,2004,451,Uppsala Conflict Data Program (UCDP),UCDP Battle-Related Deaths Dataset v24.1,https://ucdp.uu.se/downloads/,2026-09-10T00:22:39+00:00
DZA,Algeria,conflict_ucdp_battle_deaths_total,Battle-related deaths (count),Context,Conflict,Context,Battle-related deaths in the country in the year (best estimate),deaths,True,2005,229,Uppsala Conflict Data Program (UCDP),UCDP Battle-Related Deaths Dataset v24.1,https://ucdp.uu.se/downloads/,2026-09-10T00:22:39+00:00
DZA,Algeria,conflict_ucdp_battle_deaths_total,Battle-related deaths (count),Context,Conflict,Context,Battle-related deaths in the country in the year (best estimate),deaths,True,2006,255,Uppsala Conflict Data Program (UCDP),UCDP Battle-Related Deaths Dataset v24.1,https://ucdp.uu.se/downloads/,2026-09-10T00:22:39+00:00
DZA,Algeria,conflict_ucdp_battle_deaths_total,Battle-related deaths (count),Context,Conflict,Context,Battle-related deaths in the country in the year (best estimate),deaths,True,2007,472,Uppsala Conflict Data Program (UCDP),UCDP Battle-Related Deaths Dataset v24.1,https://ucdp.uu.se/downloads/,2026-09-10T00:22:39+00:00
DZA,Algeria,conflict_ucdp_battle_deaths_total,Battle-related deaths (count),Context,Conflict,Context,Battle-related deaths in the country in the year (best estimate),deaths,True,2008,339,Uppsala Conflict Data Program (UCDP),UCDP Battle-Related Deaths Dataset v24.1,https://ucdp.uu.se/downloads/,2026-09-10T00:22:39+00:00
DZA,Algeria,conflict_ucdp_battle_deaths_total,Battle-related deaths (count),Context,Conflict,Context,Battle-related deaths in the country in the year (best estimate),deaths,True,2009,505,Uppsala Conflict Data Program (UCDP),UCDP Battle-Related Deaths Dataset v24.1,https://ucdp.uu.se/downloads/,2026-09-10T00:22:39+00:00
DZA,Algeria,conflict_ucdp_battle_deaths_total,Battle-related deaths (count),Context,Conflict,Context,Battle-related deaths in the country in the year (best estimate),deaths,True,2010,236,Uppsala Conflict Data Program (UCDP),UCDP Battle-Related Deaths Dataset v24.1,https://ucdp.uu.se/downloads/,2026-09-10T00:22:39+00:00
DZA,Algeria,conflict_ucdp_battle_deaths_total,Battle-related deaths (count),Context,Conflict,Context,Battle-related deaths in the country in the year (best estimate),deaths,True,2011,267,Uppsala Conflict Data Program (UCDP),UCDP Battle-Related Deaths Dataset v24.1,https://ucdp.uu.se/downloads/,2026-09-10T00:22:39+00:00
DZA,Algeria,conflict_ucdp_battle_deaths_total,Battle-related deaths (count),Context,Conflict,Context,Battle-related deaths in the country in the year (best estimate),deaths,True,2012,256,Uppsala Conflict Data Program (UCDP),UCDP Battle-Related Deaths Dataset v24.1,https://ucdp.uu.se/downloads/,2026-09-10T00:22:39+00:00
DZA,Algeria,conflict_ucdp_battle_deaths_total,Battle-related deaths (count),Context,Conflict,Context,Battle-related deaths in the country in the year (best estimate),deaths,True,2013,147,Uppsala Conflict Data Program (UCDP),UCDP Battle-Related Deaths Dataset v24.1,https://ucdp.uu.se/downloads/,2026-09-10T00:22:39+00:00
DZA,Algeria,conflict_ucdp_battle_deaths_total,Battle-related deaths (count),Context,Conflict,Context,Battle-related deaths in the country in the year (best estimate),deaths,True,2014,107,Uppsala Conflict Data Program (UCDP),UCDP Battle-Related Deaths Dataset v24.1,https://ucdp.uu.se/downloads/,2026-09-10T00:22:39+00:00
DZA,Algeria,conflict_ucdp_battle_deaths_total,Battle-related deaths (count),Context,Conflict,Context,Battle-related deaths in the country in the year (best estimate),deaths,True,2015,110,Uppsala Conflict Data Program (UCDP),UCDP Battle-Related Deaths Dataset v24.1,https://ucdp.uu.se/downloads/,2026-09-10T00:22:39+00:00
DZA,Algeria,conflict_ucdp_battle_deaths_total,Battle-related deaths (count),Context,Conflict,Context,Battle-related deaths in the country in the year (best estimate),deaths,True,2016,86,Uppsala Conflict Data Program (UCDP),UCDP Battle-Related Deaths Dataset v24.1,https://ucdp.uu.se/downloads/,2026-09-10T00:22:39+00:00
DZA,Algeria,conflict_ucdp_battle_deaths_total,Battle-related deaths (count),Context,Conflict,Context,Battle-related deaths in the country in the year (best estimate),deaths,True,2017,60,Uppsala Conflict Data Program (UCDP),UCDP Battle-Related Deaths Dataset v24.1,https://ucdp.uu.se/downloads/,2026-09-10T00:22:39+00:00
DZA,Algeria,conflict_ucdp_battle_deaths_total,Battle-related deaths (count),Context,Conflict,Context,Battle-related deaths in the country in the year (best estimate),deaths,True,2018,33,Uppsala Conflict Data Program (UCDP),UCDP Battle-Related Deaths Dataset v24.1,https://ucdp.uu.se/downloads/,2026-09-10T00:22:39+00:00
DZA,Algeria,conflict_ucdp_battle_deaths_total,Battle-related deaths (count),Context,Conflict,Context,Battle-related deaths in the country in the year (best estimate),deaths,True,2020,26,Uppsala Conflict Data Program (UCDP),UCDP Battle-Related Deaths Dataset v24.1,https://ucdp.uu.se/downloads/,2026-09-10T00:22:39+00:00
DJI,Djibouti,conflict_ucdp_battle_deaths_total,Battle-related deaths (count),Context,Conflict,Context,Battle-related deaths in the country in the year (best estimate),deaths,True,2008,35,Uppsala Conflict Data Program (UCDP),UCDP Battle-Related Deaths Dataset v24.1,https://ucdp.uu.se/downloads/,2026-09-10T00:22:39+00:00
EGY,Egypt,conflict_ucdp_battle_deaths_total,Battle-related deaths (count),Context,Conflict,Context,Battle-related deaths in the country in the year (best estimate),deaths,True,2014,184,Uppsala Conflict Data Program (UCDP),UCDP Battle-Related Deaths Dataset v24.1,https://ucdp.uu.se/downloads/,2026-09-10T00:22:39+00:00
EGY,Egypt,conflict_ucdp_battle_deaths_total,Battle-related deaths (count),Context,Conflict,Context,Battle-related deaths in the country in the year (best estimate),deaths,True,2015,767,Uppsala Conflict Data Program (UCDP),UCDP Battle-Related Deaths Dataset v24.1,https://ucdp.uu.se/downloads/,2026-09-10T00:22:39+00:00
EGY,Egypt,conflict_ucdp_battle_deaths_total,Battle-related deaths (count),Context,Conflict,Context,Battle-related deaths in the country in the year (best estimate),deaths,True,2016,355,Uppsala Conflict Data Program (UCDP),UCDP Battle-Related Deaths Dataset v24.1,https://ucdp.uu.se/downloads/,2026-09-10T00:22:39+00:00
EGY,Egypt,conflict_ucdp_battle_deaths_total,Battle-related deaths (count),Context,Conflict,Context,Battle-related deaths in the country in the year (best estimate),deaths,True,2017,497,Uppsala Conflict Data Program (UCDP),UCDP Battle-Related Deaths Dataset v24.1,https://ucdp.uu.se/downloads/,2026-09-10T00:22:39+00:00
EGY,Egypt,conflict_ucdp_battle_deaths_total,Battle-related deaths (count),Context,Conflict,Context,Battle-related deaths in the country in the year (best estimate),deaths,True,2018,680,Uppsala Conflict Data Program (UCDP),UCDP Battle-Related Deaths Dataset v24.1,https://ucdp.uu.se/downloads/,2026-09-10T00:22:39+00:00
EGY,Egypt,conflict_ucdp_battle_deaths_total,Battle-related deaths (count),Context,Conflict,Context,Battle-related deaths in the country in the year (best estimate),deaths,True,2019,637,Uppsala Conflict Data Program (UCDP),UCDP Battle-Related Deaths Dataset v24.1,https://ucdp.uu.se/downloads/,2026-09-10T00:22:39+00:00
EGY,Egypt,conflict_ucdp_battle_deaths_total,Battle-related deaths (count),Context,Conflict,Context,Battle-related deaths in the country in the year (best estimate),deaths,True,2020,527,Uppsala Conflict Data Program (UCDP),UCDP Battle-Related Deaths Dataset v24.1,https://ucdp.uu.se/downloads/,2026-09-10T00:22:39+00:00
EGY,Egypt,conflict_ucdp_battle_deaths_total,Battle-related deaths (count),Context,Conflict,Context,Battle-related deaths in the country in the year (best estimate),deaths,True,2021,112,Uppsala Conflict Data Program (UCDP),UCDP Battle-Related Deaths Dataset v24.1,https://ucdp.uu.se/downloads/,2026-09-10T00:22:39+00:00
EGY,Egypt,conflict_ucdp_battle_deaths_total,Battle-related deaths (count),Context,Conflict,Context,Battle-related deaths in the country in the year (best estimate),deaths,True,2022,231,Uppsala Conflict Data Program (UCDP),UCDP Battle-Related Deaths Dataset v24.1,https://ucdp.uu.se/downloads/,2026-09-10T00:22:39+00:00
IRQ,Iraq,conflict_ucdp_battle_deaths_total,Battle-related deaths (count),Context,Conflict,Context,Battle-related deaths in the country in the year (best estimate),deaths,True,2003,7927,Uppsala Conflict Data Program (UCDP),UCDP Battle-Related Deaths Dataset v24.1,https://ucdp.uu.se/downloads/,2026-09-10T00:22:39+00:00
IRQ,Iraq,conflict_ucdp_battle_deaths_total,Battle-related deaths (count),Context,Conflict,Context,Battle-related deaths in the country in the year (best estimate),deaths,True,2004,4094,Uppsala Conflict Data Program (UCDP),UCDP Battle-Related Deaths Dataset v24.1,https://ucdp.uu.se/downloads/,2026-09-10T00:22:39+00:00
IRQ,Iraq,conflict_ucdp_battle_deaths_total,Battle-related deaths (count),Context,Conflict,Context,Battle-related deaths in the country in the year (best estimate),deaths,True,2005,2608,Uppsala Conflict Data Program (UCDP),UCDP Battle-Related Deaths Dataset v24.1,https://ucdp.uu.se/downloads/,2026-09-10T00:22:39+00:00
IRQ,Iraq,conflict_ucdp_battle_deaths_total,Battle-related deaths (count),Context,Conflict,Context,Battle-related deaths in the country in the year (best estimate),deaths,True,2006,3923,Uppsala Conflict Data Program (UCDP),UCDP Battle-Related Deaths Dataset v24.1,https://ucdp.uu.se/downloads/,2026-09-10T00:22:39+00:00
IRQ,Iraq,conflict_ucdp_battle_deaths_total,Battle-related deaths (count),Context,Conflict,Context,Battle-related deaths in the country in the year (best estimate),deaths,True,2007,2212,Uppsala Conflict Data Program (UCDP),UCDP Battle-Related Deaths Dataset v24.1,https://ucdp.uu.se/downloads/,2026-09-10T00:22:39+00:00
IRQ,Iraq,conflict_ucdp_battle_deaths_total,Battle-related deaths (count),Context,Conflict,Context,Battle-related deaths in the country in the year (best estimate),deaths,True,2008,2112,Uppsala Conflict Data Program (UCDP),UCDP Battle-Related Deaths Dataset v24.1,https://ucdp.uu.se/downloads/,2026-09-10T00:22:39+00:00
IRQ,Iraq,conflict_ucdp_battle_deaths_total,Battle-related deaths (count),Context,Conflict,Context,Battle-related deaths in the country in the year (best estimate),deaths,True,2009,1036,Uppsala Conflict Data Program (UCDP),UCDP Battle-Related Deaths Dataset v24.1,https://ucdp.uu.se/downloads/,2026-09-10T00:22:39+00:00
IRQ,Iraq,conflict_ucdp_battle_deaths_total,Battle-related deaths (count),Context,Conflict,Context,Battle-related deaths in the country in the year (best estimate),deaths,True,2010,989,Uppsala Conflict Data Program (UCDP),UCDP Battle-Related Deaths Dataset v24.1,https://ucdp.uu.se/downloads/,2026-09-10T00:22:39+00:00
IRQ,Iraq,conflict_ucdp_battle_deaths_total,Battle-related deaths (count),Context,Conflict,Context,Battle-related deaths in the country in the year (best estimate),deaths,True,2011,864,Uppsala Conflict Data Program (UCDP),UCDP Battle-Related Deaths Dataset v24.1,https://ucdp.uu.se/downloads/,2026-09-10T00:22:39+00:00
IRQ,Iraq,conflict_ucdp_battle_deaths_total,Battle-related deaths (count),Context,Conflict,Context,Battle-related deaths in the country in the year (best estimate),deaths,True,2012,565,Uppsala Conflict Data Program (UCDP),UCDP Battle-Related Deaths Dataset v24.1,https://ucdp.uu.se/downloads/,2026-09-10T00:22:39+00:00
IRQ,Iraq,conflict_ucdp_battle_deaths_total,Battle-related deaths (count),Context,Conflict,Context,Battle-related deaths in the country in the year (best estimate),deaths,True,2013,1870,Uppsala Conflict Data Program (UCDP),UCDP Battle-Related Deaths Dataset v24.1,https://ucdp.uu.se/downloads/,2026-09-10T00:22:39+00:00
IRQ,Iraq,conflict_ucdp_battle_deaths_total,Battle-related deaths (count),Context,Conflict,Context,Battle-related deaths in the country in the year (best estimate),deaths,True,2014,13797,Uppsala Conflict Data Program (UCDP),UCDP Battle-Related Deaths Dataset v24.1,https://ucdp.uu.se/downloads/,2026-09-10T00:22:39+00:00
IRQ,Iraq,conflict_ucdp_battle_deaths_total,Battle-related deaths (count),Context,Conflict,Context,Battle-related deaths in the country in the year (best estimate),deaths,True,2015,10981,Uppsala Conflict Data Program (UCDP),UCDP Battle-Related Deaths Dataset v24.1,https://ucdp.uu.se/downloads/,2026-09-10T00:22:39+00:00
IRQ,Iraq,conflict_ucdp_battle_deaths_total,Battle-related deaths (count),Context,Conflict,Context,Battle-related deaths in the country in the year (best estimate),deaths,True,2016,9775,Uppsala Conflict Data Program (UCDP),UCDP Battle-Related Deaths Dataset v24.1,https://ucdp.uu.se/downloads/,2026-09-10T00:22:39+00:00
IRQ,Iraq,conflict_ucdp_battle_deaths_total,Battle-related deaths (count),Context,Conflict,Context,Battle-related deaths in the country in the year (best estimate),deaths,True,2017,10012,Uppsala Conflict Data Program (UCDP),UCDP Battle-Related Deaths Dataset v24.1,https://ucdp.uu.se/downloads/,2026-09-10T00:22:39+00:00
IRQ,Iraq,conflict_ucdp_battle_deaths_total,Battle-related deaths (count),Context,Conflict,Context,Battle-related deaths in the country in the year (best estimate),deaths,True,2018,866,Uppsala Conflict Data Program (UCDP),UCDP Battle-Related Deaths Dataset v24.1,https://ucdp.uu.se/downloads/,2026-09-10T00:22:39+00:00
IRQ,Iraq,conflict_ucdp_battle_deaths_total,Battle-related deaths (count),Context,Conflict,Context,Battle-related deaths in the country in the year (best estimate),deaths,True,2019,498,Uppsala Conflict Data Program (UCDP),UCDP Battle-Related Deaths Dataset v24.1,https://ucdp.uu.se/downloads/,2026-09-10T00:22:39+00:00
IRQ,Iraq,conflict_ucdp_battle_deaths_total,Battle-related deaths (count),Context,Conflict,Context,Battle-related deaths in the country in the year (best estimate),deaths,True,2020,674,Uppsala Conflict Data Program (UCDP),UCDP Battle-Related Deaths Dataset v24.1,https://ucdp.uu.se/downloads/,2026-09-10T00:22:39+00:00
IRQ,Iraq,conflict_ucdp_battle_deaths_total,Battle-related deaths (count),Context,Conflict,Context,Battle-related deaths in the country in the year (best estimate),deaths,True,2021,707,Uppsala Conflict Data Program (UCDP),UCDP Battle-Related Deaths Dataset v24.1,https://ucdp.uu.se/downloads/,2026-09-10T00:22:39+00:00
IRQ,Iraq,conflict_ucdp_battle_deaths_total,Battle-related deaths (count),Context,Conflict,Context,Battle-related deaths in the country in the year (best estimate),deaths,True,2022,338,Uppsala Conflict Data Program (UCDP),UCDP Battle-Related Deaths Dataset v24.1,https://ucdp.uu.se/downloads/,2026-09-10T00:22:39+00:00
IRQ,Iraq,conflict_ucdp_battle_deaths_total,Battle-related deaths (count),Context,Conflict,Context,Battle-related deaths in the country in the year (best estimate),deaths,True,2023,203,Uppsala Conflict Data Program (UCDP),UCDP Battle-Related Deaths Dataset v24.1,https://ucdp.uu.se/downloads/,2026-09-10T00:22:39+00:00
JOR,Jordan,conflict_ucdp_battle_deaths_total,Battle-related deaths (count),Context,Conflict,Context,Battle-related deaths in the country in the year (best estimate),deaths,True,2016,34,Uppsala Conflict Data Program (UCDP),UCDP Battle-Related Deaths Dataset v24.1,https://ucdp.uu.se/downloads/,2026-09-10T00:22:39+00:00
LBN,Lebanon,conflict_ucdp_battle_deaths_total,Battle-related deaths (count),Context,Conflict,Context,Battle-related deaths in the country in the year (best estimate),deaths,True,2014,126,Uppsala Conflict Data Program (UCDP),UCDP Battle-Related Deaths Dataset v24.1,https://ucdp.uu.se/downloads/,2026-09-10T00:22:39+00:00
LBN,Lebanon,conflict_ucdp_battle_deaths_total,Battle-related deaths (count),Context,Conflict,Context,Battle-related deaths in the country in the year (best estimate),deaths,True,2015,76,Uppsala Conflict Data Program (UCDP),UCDP Battle-Related Deaths Dataset v24.1,https://ucdp.uu.se/downloads/,2026-09-10T00:22:39+00:00
LBN,Lebanon,conflict_ucdp_battle_deaths_total,Battle-related deaths (count),Context,Conflict,Context,Battle-related deaths in the country in the year (best estimate),deaths,True,2017,70,Uppsala Conflict Data Program (UCDP),UCDP Battle-Related Deaths Dataset v24.1,https://ucdp.uu.se/downloads/,2026-09-10T00:22:39+00:00
LBY,Libya,conflict_ucdp_battle_deaths_total,Battle-related deaths (count),Context,Conflict,Context,Battle-related deaths in the country in the year (best estimate),deaths,True,2011,3762,Uppsala Conflict Data Program (UCDP),UCDP Battle-Related Deaths Dataset v24.1,https://ucdp.uu.se/downloads/,2026-09-10T00:22:39+00:00
LBY,Libya,conflict_ucdp_battle_deaths_total,Battle-related deaths (count),Context,Conflict,Context,Battle-related deaths in the country in the year (best estimate),deaths,True,2013,31,Uppsala Conflict Data Program (UCDP),UCDP Battle-Related Deaths Dataset v24.1,https://ucdp.uu.se/downloads/,2026-09-10T00:22:39+00:00
LBY,Libya,conflict_ucdp_battle_deaths_total,Battle-related deaths (count),Context,Conflict,Context,Battle-related deaths in the country in the year (best estimate),deaths,True,2014,274,Uppsala Conflict Data Program (UCDP),UCDP Battle-Related Deaths Dataset v24.1,https://ucdp.uu.se/downloads/,2026-09-10T00:22:39+00:00
LBY,Libya,conflict_ucdp_battle_deaths_total,Battle-related deaths (count),Context,Conflict,Context,Battle-related deaths in the country in the year (best estimate),deaths,True,2015,274,Uppsala Conflict Data Program (UCDP),UCDP Battle-Related Deaths Dataset v24.1,https://ucdp.uu.se/downloads/,2026-09-10T00:22:39+00:00
LBY,Libya,conflict_ucdp_battle_deaths_total,Battle-related deaths (count),Context,Conflict,Context,Battle-related deaths in the country in the year (best estimate),deaths,True,2016,1678,Uppsala Conflict Data Program (UCDP),UCDP Battle-Related Deaths Dataset v24.1,https://ucdp.uu.se/downloads/,2026-09-10T00:22:39+00:00
LBY,Libya,conflict_ucdp_battle_deaths_total,Battle-related deaths (count),Context,Conflict,Context,Battle-related deaths in the country in the year (best estimate),deaths,True,2017,404,Uppsala Conflict Data Program (UCDP),UCDP Battle-Related Deaths Dataset v24.1,https://ucdp.uu.se/downloads/,2026-09-10T00:22:39+00:00
LBY,Libya,conflict_ucdp_battle_deaths_total,Battle-related deaths (count),Context,Conflict,Context,Battle-related deaths in the country in the year (best estimate),deaths,True,2018,44,Uppsala Conflict Data Program (UCDP),UCDP Battle-Related Deaths Dataset v24.1,https://ucdp.uu.se/downloads/,2026-09-10T00:22:39+00:00
LBY,Libya,conflict_ucdp_battle_deaths_total,Battle-related deaths (count),Context,Conflict,Context,Battle-related deaths in the country in the year (best estimate),deaths,True,2019,1631,Uppsala Conflict Data Program (UCDP),UCDP Battle-Related Deaths Dataset v24.1,https://ucdp.uu.se/downloads/,2026-09-10T00:22:39+00:00
LBY,Libya,conflict_ucdp_battle_deaths_total,Battle-related deaths (count),Context,Conflict,Context,Battle-related deaths in the country in the year (best estimate),deaths,True,2020,668,Uppsala Conflict Data Program (UCDP),UCDP Battle-Related Deaths Dataset v24.1,https://ucdp.uu.se/downloads/,2026-09-10T00:22:39+00:00
MRT,Mauritania,conflict_ucdp_battle_deaths_total,Battle-related deaths (count),Context,Conflict,Context,Battle-related deaths in the country in the year (best estimate),deaths,True,2010,29,Uppsala Conflict Data Program (UCDP),UCDP Battle-Related Deaths Dataset v24.1,https://ucdp.uu.se/downloads/,2026-09-10T00:22:39+00:00
SOM,Somalia,conflict_ucdp_battle_deaths_total,Battle-related deaths (count),Context,Conflict,Context,Battle-related deaths in the country in the year (best estimate),deaths,True,2001,228,Uppsala Conflict Data Program (UCDP),UCDP Battle-Related Deaths Dataset v24.1,https://ucdp.uu.se/downloads/,2026-09-10T00:22:39+00:00
SOM,Somalia,conflict_ucdp_battle_deaths_total,Battle-related deaths (count),Context,Conflict,Context,Battle-related deaths in the country in the year (best estimate),deaths,True,2002,114,Uppsala Conflict Data Program (UCDP),UCDP Battle-Related Deaths Dataset v24.1,https://ucdp.uu.se/downloads/,2026-09-10T00:22:39+00:00
SOM,Somalia,conflict_ucdp_battle_deaths_total,Battle-related deaths (count),Context,Conflict,Context,Battle-related deaths in the country in the year (best estimate),deaths,True,2006,547,Uppsala Conflict Data Program (UCDP),UCDP Battle-Related Deaths Dataset v24.1,https://ucdp.uu.se/downloads/,2026-09-10T00:22:39+00:00
SOM,Somalia,conflict_ucdp_battle_deaths_total,Battle-related deaths (count),Context,Conflict,Context,Battle-related deaths in the country in the year (best estimate),deaths,True,2007,1546,Uppsala Conflict Data Program (UCDP),UCDP Battle-Related Deaths Dataset v24.1,https://ucdp.uu.se/downloads/,2026-09-10T00:22:39+00:00
SOM,Somalia,conflict_ucdp_battle_deaths_total,Battle-related deaths (count),Context,Conflict,Context,Battle-related deaths in the country in the year (best estimate),deaths,True,2008,1491,Uppsala Conflict Data Program (UCDP),UCDP Battle-Related Deaths Dataset v24.1,https://ucdp.uu.se/downloads/,2026-09-10T00:22:39+00:00
SOM,Somalia,conflict_ucdp_battle_deaths_total,Battle-related deaths (count),Context,Conflict,Context,Battle-related deaths in the country in the year (best estimate),deaths,True,2009,1467,Uppsala Conflict Data Program (UCDP),UCDP Battle-Related Deaths Dataset v24.1,https://ucdp.uu.se/downloads/,2026-09-10T00:22:39+00:00
SOM,Somalia,conflict_ucdp_battle_deaths_total,Battle-related deaths (count),Context,Conflict,Context,Battle-related deaths in the country in the year (best estimate),deaths,True,2010,2150,Uppsala Conflict Data Program (UCDP),UCDP Battle-Related Deaths Dataset v24.1,https://ucdp.uu.se/downloads/,2026-09-10T00:22:39+00:00
SOM,Somalia,conflict_ucdp_battle_deaths_total,Battle-related deaths (count),Context,Conflict,Context,Battle-related deaths in the country in the year (best estimate),deaths,True,2011,1938,Uppsala Conflict Data Program (UCDP),UCDP Battle-Related Deaths Dataset v24.1,https://ucdp.uu.se/downloads/,2026-09-10T00:22:39+00:00
SOM,Somalia,conflict_ucdp_battle_deaths_total,Battle-related deaths (count),Context,Conflict,Context,Battle-related deaths in the country in the year (best estimate),deaths,True,2012,2646,Uppsala Conflict Data Program (UCDP),UCDP Battle-Related Deaths Dataset v24.1,https://ucdp.uu.se/downloads/,2026-09-10T00:22:39+00:00
SOM,Somalia,conflict_ucdp_battle_deaths_total,Battle-related deaths (count),Context,Conflict,Context,Battle-related deaths in the country in the year (best estimate),deaths,True,2013,940,Uppsala Conflict Data Program (UCDP),UCDP Battle-Related Deaths Dataset v24.1,https://ucdp.uu.se/downloads/,2026-09-10T00:22:39+00:00
SOM,Somalia,conflict_ucdp_battle_deaths_total,Battle-related deaths (count),Context,Conflict,Context,Battle-related deaths in the country in the year (best estimate),deaths,True,2014,1153,Uppsala Conflict Data Program (UCDP),UCDP Battle-Related Deaths Dataset v24.1,https://ucdp.uu.se/downloads/,2026-09-10T00:22:39+00:00
SOM,Somalia,conflict_ucdp_battle_deaths_total,Battle-related deaths (count),Context,Conflict,Context,Battle-related deaths in the country in the year (best estimate),deaths,True,2015,1206,Uppsala Conflict Data Program (UCDP),UCDP Battle-Related Deaths Dataset v24.1,https://ucdp.uu.se/downloads/,2026-09-10T00:22:39+00:00
SOM,Somalia,conflict_ucdp_battle_deaths_total,Battle-related deaths (count),Context,Conflict,Context,Battle-related deaths in the country in the year (best estimate),deaths,True,2016,1933,Uppsala Conflict Data Program (UCDP),UCDP Battle-Related Deaths Dataset v24.1,https://ucdp.uu.se/downloads/,2026-09-10T00:22:39+00:00
SOM,Somalia,conflict_ucdp_battle_deaths_total,Battle-related deaths (count),Context,Conflict,Context,Battle-related deaths in the country in the year (best estimate),deaths,True,2017,1918,Uppsala Conflict Data Program (UCDP),UCDP Battle-Related Deaths Dataset v24.1,https://ucdp.uu.se/downloads/,2026-09-10T00:22:39+00:00
SOM,Somalia,conflict_ucdp_battle_deaths_total,Battle-related deaths (count),Context,Conflict,Context,Battle-related deaths in the country in the year (best estimate),deaths,True,2018,2204,Uppsala Conflict Data Program (UCDP),UCDP Battle-Related Deaths Dataset v24.1,https://ucdp.uu.se/downloads/,2026-09-10T00:22:39+00:00
SOM,Somalia,conflict_ucdp_battle_deaths_total,Battle-related deaths (count),Context,Conflict,Context,Battle-related deaths in the country in the year (best estimate),deaths,True,2019,1943,Uppsala Conflict Data Program (UCDP),UCDP Battle-Related Deaths Dataset v24.1,https://ucdp.uu.se/downloads/,2026-09-10T00:22:39+00:00
SOM,Somalia,conflict_ucdp_battle_deaths_total,Battle-related deaths (count),Context,Conflict,Context,Battle-related deaths in the country in the year (best estimate),deaths,True,2020,1942,Uppsala Conflict Data Program (UCDP),UCDP Battle-Related Deaths Dataset v24.1,https://ucdp.uu.se/downloads/,2026-09-10T00:22:39+00:00
SOM,Somalia,conflict_ucdp_battle_deaths_total,Battle-related deaths (count),Context,Conflict,Context,Battle-related deaths in the country in the year (best estimate),deaths,True,2021,2172,Uppsala Conflict Data Program (UCDP),UCDP Battle-Related Deaths Dataset v24.1,https://ucdp.uu.se/downloads/,2026-09-10T00:22:39+00:00
SOM,Somalia,conflict_ucdp_battle_deaths_total,Battle-related deaths (count),Context,Conflict,Context,Battle-related deaths in the country in the year (best estimate),deaths,True,2022,3034,Uppsala Conflict Data Program (UCDP),UCDP Battle-Related Deaths Dataset v24.1,https://ucdp.uu.se/downloads/,2026-09-10T00:22:39+00:00
SOM,Somalia,conflict_ucdp_battle_deaths_total,Battle-related deaths (count),Context,Conflict,Context,Battle-related deaths in the country in the year (best estimate),deaths,True,2023,3859,Uppsala Conflict Data Program (UCDP),UCDP Battle-Related Deaths Dataset v24.1,https://ucdp.uu.se/downloads/,2026-09-10T00:22:39+00:00
SDN,Sudan,conflict_ucdp_battle_deaths_total,Battle-related deaths (count),Context,Conflict,Context,Battle-related deaths in the country in the year (best estimate),deaths,True,2000,2841,Uppsala Conflict Data Program (UCDP),UCDP Battle-Related Deaths Dataset v24.1,https://ucdp.uu.se/downloads/,2026-09-10T00:22:39+00:00
SDN,Sudan,conflict_ucdp_battle_deaths_total,Battle-related deaths (count),Context,Conflict,Context,Battle-related deaths in the country in the year (best estimate),deaths,True,2001,3408,Uppsala Conflict Data Program (UCDP),UCDP Battle-Related Deaths Dataset v24.1,https://ucdp.uu.se/downloads/,2026-09-10T00:22:39+00:00
SDN,Sudan,conflict_ucdp_battle_deaths_total,Battle-related deaths (count),Context,Conflict,Context,Battle-related deaths in the country in the year (best estimate),deaths,True,2002,2021,Uppsala Conflict Data Program (UCDP),UCDP Battle-Related Deaths Dataset v24.1,https://ucdp.uu.se/downloads/,2026-09-10T00:22:39+00:00
SDN,Sudan,conflict_ucdp_battle_deaths_total,Battle-related deaths (count),Context,Conflict,Context,Battle-related deaths in the country in the year (best estimate),deaths,True,2003,1999,Uppsala Conflict Data Program (UCDP),UCDP Battle-Related Deaths Dataset v24.1,https://ucdp.uu.se/downloads/,2026-09-10T00:22:39+00:00
SDN,Sudan,conflict_ucdp_battle_deaths_total,Battle-related deaths (count),Context,Conflict,Context,Battle-related deaths in the country in the year (best estimate),deaths,True,2004,3278,Uppsala Conflict Data Program (UCDP),UCDP Battle-Related Deaths Dataset v24.1,https://ucdp.uu.se/downloads/,2026-09-10T00:22:39+00:00
SDN,Sudan,conflict_ucdp_battle_deaths_total,Battle-related deaths (count),Context,Conflict,Context,Battle-related deaths in the country in the year (best estimate),deaths,True,2005,161,Uppsala Conflict Data Program (UCDP),UCDP Battle-Related Deaths Dataset v24.1,https://ucdp.uu.se/downloads/,2026-09-10T00:22:39+00:00
SDN,Sudan,conflict_ucdp_battle_deaths_total,Battle-related deaths (count),Context,Conflict,Context,Battle-related deaths in the country in the year (best estimate),deaths,True,2006,1002,Uppsala Conflict Data Program (UCDP),UCDP Battle-Related Deaths Dataset v24.1,https://ucdp.uu.se/downloads/,2026-09-10T00:22:39+00:00
SDN,Sudan,conflict_ucdp_battle_deaths_total,Battle-related deaths (count),Context,Conflict,Context,Battle-related deaths in the country in the year (best estimate),deaths,True,2007,217,Uppsala Conflict Data Program (UCDP),UCDP Battle-Related Deaths Dataset v24.1,https://ucdp.uu.se/downloads/,2026-09-10T00:22:39+00:00
SDN,Sudan,conflict_ucdp_battle_deaths_total,Battle-related deaths (count),Context,Conflict,Context,Battle-related deaths in the country in the year (best estimate),deaths,True,2008,598,Uppsala Conflict Data Program (UCDP),UCDP Battle-Related Deaths Dataset v24.1,https://ucdp.uu.se/downloads/,2026-09-10T00:22:39+00:00
SDN,Sudan,conflict_ucdp_battle_deaths_total,Battle-related deaths (count),Context,Conflict,Context,Battle-related deaths in the country in the year (best estimate),deaths,True,2009,353,Uppsala Conflict Data Program (UCDP),UCDP Battle-Related Deaths Dataset v24.1,https://ucdp.uu.se/downloads/,2026-09-10T00:22:39+00:00
SDN,Sudan,conflict_ucdp_battle_deaths_total,Battle-related deaths (count),Context,Conflict,Context,Battle-related deaths in the country in the year (best estimate),deaths,True,2010,1010,Uppsala Conflict Data Program (UCDP),UCDP Battle-Related Deaths Dataset v24.1,https://ucdp.uu.se/downloads/,2026-09-10T00:22:39+00:00
SDN,Sudan,conflict_ucdp_battle_deaths_total,Battle-related deaths (count),Context,Conflict,Context,Battle-related deaths in the country in the year (best estimate),deaths,True,2011,1404,Uppsala Conflict Data Program (UCDP),UCDP Battle-Related Deaths Dataset v24.1,https://ucdp.uu.se/downloads/,2026-09-10T00:22:39+00:00
SDN,Sudan,conflict_ucdp_battle_deaths_total,Battle-related deaths (count),Context,Conflict,Context,Battle-related deaths in the country in the year (best estimate),deaths,True,2012,1540,Uppsala Conflict Data Program (UCDP),UCDP Battle-Related Deaths Dataset v24.1,https://ucdp.uu.se/downloads/,2026-09-10T00:22:39+00:00
SDN,Sudan,conflict_ucdp_battle_deaths_total,Battle-related deaths (count),Context,Conflict,Context,Battle-related deaths in the country in the year (best estimate),deaths,True,2013,594,Uppsala Conflict Data Program (UCDP),UCDP Battle-Related Deaths Dataset v24.1,https://ucdp.uu.se/downloads/,2026-09-10T00:22:39+00:00
SDN,Sudan,conflict_ucdp_battle_deaths_total,Battle-related deaths (count),Context,Conflict,Context,Battle-related deaths in the country in the year (best estimate),deaths,True,2014,856,Uppsala Conflict Data Program (UCDP),UCDP Battle-Related Deaths Dataset v24.1,https://ucdp.uu.se/downloads/,2026-09-10T00:22:39+00:00
SDN,Sudan,conflict_ucdp_battle_deaths_total,Battle-related deaths (count),Context,Conflict,Context,Battle-related deaths in the country in the year (best estimate),deaths,True,2015,1264,Uppsala Conflict Data Program (UCDP),UCDP Battle-Related Deaths Dataset v24.1,https://ucdp.uu.se/downloads/,2026-09-10T00:22:39+00:00
SDN,Sudan,conflict_ucdp_battle_deaths_total,Battle-related deaths (count),Context,Conflict,Context,Battle-related deaths in the country in the year (best estimate),deaths,True,2016,1309,Uppsala Conflict Data Program (UCDP),UCDP Battle-Related Deaths Dataset v24.1,https://ucdp.uu.se/downloads/,2026-09-10T00:22:39+00:00
SDN,Sudan,conflict_ucdp_battle_deaths_total,Battle-related deaths (count),Context,Conflict,Context,Battle-related deaths in the country in the year (best estimate),deaths,True,2017,160,Uppsala Conflict Data Program (UCDP),UCDP Battle-Related Deaths Dataset v24.1,https://ucdp.uu.se/downloads/,2026-09-10T00:22:39+00:00
SDN,Sudan,conflict_ucdp_battle_deaths_total,Battle-related deaths (count),Context,Conflict,Context,Battle-related deaths in the country in the year (best estimate),deaths,True,2018,243,Uppsala Conflict Data Program (UCDP),UCDP Battle-Related Deaths Dataset v24.1,https://ucdp.uu.se/downloads/,2026-09-10T00:22:39+00:00
SDN,Sudan,conflict_ucdp_battle_deaths_total,Battle-related deaths (count),Context,Conflict,Context,Battle-related deaths in the country in the year (best estimate),deaths,True,2020,45,Uppsala Conflict Data Program (UCDP),UCDP Battle-Related Deaths Dataset v24.1,https://ucdp.uu.se/downloads/,2026-09-10T00:22:39+00:00
SDN,Sudan,conflict_ucdp_battle_deaths_total,Battle-related deaths (count),Context,Conflict,Context,Battle-related deaths in the country in the year (best estimate),deaths,True,2021,31,Uppsala Conflict Data Program (UCDP),UCDP Battle-Related Deaths Dataset v24.1,https://ucdp.uu.se/downloads/,2026-09-10T00:22:39+00:00
SDN,Sudan,conflict_ucdp_battle_deaths_total,Battle-related deaths (count),Context,Conflict,Context,Battle-related deaths in the country in the year (best estimate),deaths,True,2022,47,Uppsala Conflict Data Program (UCDP),UCDP Battle-Related Deaths Dataset v24.1,https://ucdp.uu.se/downloads/,2026-09-10T00:22:39+00:00
SDN,Sudan,conflict_ucdp_battle_deaths_total,Battle-related deaths (count),Context,Conflict,Context,Battle-related deaths in the country in the year (best estimate),deaths,True,2023,5315,Uppsala Conflict Data Program (UCDP),UCDP Battle-Related Deaths Dataset v24.1,https://ucdp.uu.se/downloads/,2026-09-10T00:22:39+00:00
SYR,Syrian Arab Republic,conflict_ucdp_battle_deaths_total,Battle-related deaths (count),Context,Conflict,Context,Battle-related deaths in the country in the year (best estimate),deaths,True,2011,1203,Uppsala Conflict Data Program (UCDP),UCDP Battle-Related Deaths Dataset v24.1,https://ucdp.uu.se/downloads/,2026-09-10T00:22:39+00:00
SYR,Syrian Arab Republic,conflict_ucdp_battle_deaths_total,Battle-related deaths (count),Context,Conflict,Context,Battle-related deaths in the country in the year (best estimate),deaths,True,2012,50486,Uppsala Conflict Data Program (UCDP),UCDP Battle-Related Deaths Dataset v24.1,https://ucdp.uu.se/downloads/,2026-09-10T00:22:39+00:00
SYR,Syrian Arab Republic,conflict_ucdp_battle_deaths_total,Battle-related deaths (count),Context,Conflict,Context,Battle-related deaths in the country in the year (best estimate),deaths,True,2013,72013,Uppsala Conflict Data Program (UCDP),UCDP Battle-Related Deaths Dataset v24.1,https://ucdp.uu.se/downloads/,2026-09-10T00:22:39+00:00
SYR,Syrian Arab Republic,conflict_ucdp_battle_deaths_total,Battle-related deaths (count),Context,Conflict,Context,Battle-related deaths in the country in the year (best estimate),deaths,True,2014,65336,Uppsala Conflict Data Program (UCDP),UCDP Battle-Related Deaths Dataset v24.1,https://ucdp.uu.se/downloads/,2026-09-10T00:22:39+00:00
SYR,Syrian Arab Republic,conflict_ucdp_battle_deaths_total,Battle-related deaths (count),Context,Conflict,Context,Battle-related deaths in the country in the year (best estimate),deaths,True,2015,50174,Uppsala Conflict Data Program (UCDP),UCDP Battle-Related Deaths Dataset v24.1,https://ucdp.uu.se/downloads/,2026-09-10T00:22:39+00:00
SYR,Syrian Arab Republic,conflict_ucdp_battle_deaths_total,Battle-related deaths (count),Context,Conflict,Context,Battle-related deaths in the country in the year (best estimate),deaths,True,2016,43650,Uppsala Conflict Data Program (UCDP),UCDP Battle-Related Deaths Dataset v24.1,https://ucdp.uu.se/downloads/,2026-09-10T00:22:39+00:00
SYR,Syrian Arab Republic,conflict_ucdp_battle_deaths_total,Battle-related deaths (count),Context,Conflict,Context,Battle-related deaths in the country in the year (best estimate),deaths,True,2017,24123,Uppsala Conflict Data Program (UCDP),UCDP Battle-Related Deaths Dataset v24.1,https://ucdp.uu.se/downloads/,2026-09-10T00:22:39+00:00
SYR,Syrian Arab Republic,conflict_ucdp_battle_deaths_total,Battle-related deaths (count),Context,Conflict,Context,Battle-related deaths in the country in the year (best estimate),deaths,True,2018,13072,Uppsala Conflict Data Program (UCDP),UCDP Battle-Related Deaths Dataset v24.1,https://ucdp.uu.se/downloads/,2026-09-10T00:22:39+00:00
SYR,Syrian Arab Republic,conflict_ucdp_battle_deaths_total,Battle-related deaths (count),Context,Conflict,Context,Battle-related deaths in the country in the year (best estimate),deaths,True,2019,7379,Uppsala Conflict Data Program (UCDP),UCDP Battle-Related Deaths Dataset v24.1,https://ucdp.uu.se/downloads/,2026-09-10T00:22:39+00:00
SYR,Syrian Arab Republic,conflict_ucdp_battle_deaths_total,Battle-related deaths (count),Context,Conflict,Context,Battle-related deaths in the country in the year (best estimate),deaths,True,2020,4589,Uppsala Conflict Data Program (UCDP),UCDP Battle-Related Deaths Dataset v24.1,https://ucdp.uu.se/downloads/,2026-09-10T00:22:39+00:00
SYR,Syrian Arab Republic,conflict_ucdp_battle_deaths_total,Battle-related deaths (count),Context,Conflict,Context,Battle-related deaths in the country in the year (best estimate),deaths,True,2021,1356,Uppsala Conflict Data Program (UCDP),UCDP Battle-Related Deaths Dataset v24.1,https://ucdp.uu.se/downloads/,2026-09-10T00:22:39+00:00
SYR,Syrian Arab Republic,conflict_ucdp_battle_deaths_total,Battle-related deaths (count),Context,Conflict,Context,Battle-related deaths in the country in the year (best estimate),deaths,True,2022,911,Uppsala Conflict Data Program (UCDP),UCDP Battle-Related Deaths Dataset v24.1,https://ucdp.uu.se/downloads/,2026-09-10T00:22:39+00:00
SYR,Syrian Arab Republic,conflict_ucdp_battle_deaths_total,Battle-related deaths (count),Context,Conflict,Context,Battle-related deaths in the country in the year (best estimate),deaths,True,2023,1504,Uppsala Conflict Data Program (UCDP),UCDP Battle-Related Deaths Dataset v24.1,https://ucdp.uu.se/downloads/,2026-09-10T00:22:39+00:00
TUN,Tunisia,conflict_ucdp_battle_deaths_total,Battle-related deaths (count),Context,Conflict,Context,Battle-related deaths in the country in the year (best estimate),deaths,True,2013,29,Uppsala Conflict Data Program (UCDP),UCDP Battle-Related Deaths Dataset v24.1,https://ucdp.uu.se/downloads/,2026-09-10T00:22:39+00:00
TUN,Tunisia,conflict_ucdp_battle_deaths_total,Battle-related deaths (count),Context,Conflict,Context,Battle-related deaths in the country in the year (best estimate),deaths,True,2014,50,Uppsala Conflict Data Program (UCDP),UCDP Battle-Related Deaths Dataset v24.1,https://ucdp.uu.se/downloads/,2026-09-10T00:22:39+00:00
TUN,Tunisia,conflict_ucdp_battle_deaths_total,Battle-related deaths (count),Context,Conflict,Context,Battle-related deaths in the country in the year (best estimate),deaths,True,2015,57,Uppsala Conflict Data Program (UCDP),UCDP Battle-Related Deaths Dataset v24.1,https://ucdp.uu.se/downloads/,2026-09-10T00:22:39+00:00
TUN,Tunisia,conflict_ucdp_battle_deaths_total,Battle-related deaths (count),Context,Conflict,Context,Battle-related deaths in the country in the year (best estimate),deaths,True,2016,71,Uppsala Conflict Data Program (UCDP),UCDP Battle-Related Deaths Dataset v24.1,https://ucdp.uu.se/downloads/,2026-09-10T00:22:39+00:00
YEM,Yemen,conflict_ucdp_battle_deaths_total,Battle-related deaths (count),Context,Conflict,Context,Battle-related deaths in the country in the year (best estimate),deaths,True,2009,94,Uppsala Conflict Data Program (UCDP),UCDP Battle-Related Deaths Dataset v24.1,https://ucdp.uu.se/downloads/,2026-09-10T00:22:39+00:00
YEM,Yemen,conflict_ucdp_battle_deaths_total,Battle-related deaths (count),Context,Conflict,Context,Battle-related deaths in the country in the year (best estimate),deaths,True,2010,175,Uppsala Conflict Data Program (UCDP),UCDP Battle-Related Deaths Dataset v24.1,https://ucdp.uu.se/downloads/,2026-09-10T00:22:39+00:00
YEM,Yemen,conflict_ucdp_battle_deaths_total,Battle-related deaths (count),Context,Conflict,Context,Battle-related deaths in the country in the year (best estimate),deaths,True,2011,1143,Uppsala Conflict Data Program (UCDP),UCDP Battle-Related Deaths Dataset v24.1,https://ucdp.uu.se/downloads/,2026-09-10T00:22:39+00:00
YEM,Yemen,conflict_ucdp_battle_deaths_total,Battle-related deaths (count),Context,Conflict,Context,Battle-related deaths in the country in the year (best estimate),deaths,True,2012,2331,Uppsala Conflict Data Program (UCDP),UCDP Battle-Related Deaths Dataset v24.1,https://ucdp.uu.se/downloads/,2026-09-10T00:22:39+00:00
YEM,Yemen,conflict_ucdp_battle_deaths_total,Battle-related deaths (count),Context,Conflict,Context,Battle-related deaths in the country in the year (best estimate),deaths,True,2013,578,Uppsala Conflict Data Program (UCDP),UCDP Battle-Related Deaths Dataset v24.1,https://ucdp.uu.se/downloads/,2026-09-10T00:22:39+00:00
YEM,Yemen,conflict_ucdp_battle_deaths_total,Battle-related deaths (count),Context,Conflict,Context,Battle-related deaths in the country in the year (best estimate),deaths,True,2014,1826,Uppsala Conflict Data Program (UCDP),UCDP Battle-Related Deaths Dataset v24.1,https://ucdp.uu.se/downloads/,2026-09-10T00:22:39+00:00
YEM,Yemen,conflict_ucdp_battle_deaths_total,Battle-related deaths (count),Context,Conflict,Context,Battle-related deaths in the country in the year (best estimate),deaths,True,2015,7673,Uppsala Conflict Data Program (UCDP),UCDP Battle-Related Deaths Dataset v24.1,https://ucdp.uu.se/downloads/,2026-09-10T00:22:39+00:00
YEM,Yemen,conflict_ucdp_battle_deaths_total,Battle-related deaths (count),Context,Conflict,Context,Battle-related deaths in the country in the year (best estimate),deaths,True,2016,3131,Uppsala Conflict Data Program (UCDP),UCDP Battle-Related Deaths Dataset v24.1,https://ucdp.uu.se/downloads/,2026-09-10T00:22:39+00:00
YEM,Yemen,conflict_ucdp_battle_deaths_total,Battle-related deaths (count),Context,Conflict,Context,Battle-related deaths in the country in the year (best estimate),deaths,True,2017,3189,Uppsala Conflict Data Program (UCDP),UCDP Battle-Related Deaths Dataset v24.1,https://ucdp.uu.se/downloads/,2026-09-10T00:22:39+00:00
YEM,Yemen,conflict_ucdp_battle_deaths_total,Battle-related deaths (count),Context,Conflict,Context,Battle-related deaths in the country in the year (best estimate),deaths,True,2018,4647,Uppsala Conflict Data Program (UCDP),UCDP Battle-Related Deaths Dataset v24.1,https://ucdp.uu.se/downloads/,2026-09-10T00:22:39+00:00
YEM,Yemen,conflict_ucdp_battle_deaths_total,Battle-related deaths (count),Context,Conflict,Context,Battle-related deaths in the country in the year (best estimate),deaths,True,2019,2633,Uppsala Conflict Data Program (UCDP),UCDP Battle-Related Deaths Dataset v24.1,https://ucdp.uu.se/downloads/,2026-09-10T00:22:39+00:00
YEM,Yemen,conflict_ucdp_battle_deaths_total,Battle-related deaths (count),Context,Conflict,Context,Battle-related deaths in the country in the year (best estimate),deaths,True,2020,6299,Uppsala Conflict Data Program (UCDP),UCDP Battle-Related Deaths Dataset v24.1,https://ucdp.uu.se/downloads/,2026-09-10T00:22:39+00:00
YEM,Yemen,conflict_ucdp_battle_deaths_total,Battle-related deaths (count),Context,Conflict,Context,Battle-related deaths in the country in the year (best estimate),deaths,True,2021,23357,Uppsala Conflict Data Program (UCDP),UCDP Battle-Related Deaths Dataset v24.1,https://ucdp.uu.se/downloads/,2026-09-10T00:22:39+00:00
YEM,Yemen,conflict_ucdp_battle_deaths_total,Battle-related deaths (count),Context,Conflict,Context,Battle-related deaths in the country in the year (best estimate),deaths,True,2022,2920,Uppsala Conflict Data Program (UCDP),UCDP Battle-Related Deaths Dataset v24.1,https://ucdp.uu.se/downloads/,2026-09-10T00:22:39+00:00
YEM,Yemen,conflict_ucdp_battle_deaths_total,Battle-related deaths (count),Context,Conflict,Context,Battle-related deaths in the country in the year (best estimate),deaths,True,2023,800,Uppsala Conflict Data Program (UCDP),UCDP Battle-Related Deaths Dataset v24.1,https://ucdp.uu.se/downloads/,2026-09-10T00:22:39+00:00
